CT,X1_CRIM,X2_NOX,X3_AGE,X4_DIS,X5_RM,X6_LSTAT,X7_RAD,X8_ CHAS,X9_NDUS,X10_TAX,X11_PT,Y_MV,GROUP,X12_RLZ
1,0.00632,0.538,65.2,4.0900,6.575,4.98,1,0,2.31,296,15.3,24.0,M,18.0
2,0.02731,0.469,78.9,4.9671,6.421,9.14,2,0,7.07,242,17.8,21.6,T,0.0
3,0.02729,0.469,61.1,4.9671,7.185,4.03,2,0,7.07,242,17.8,34.7,M,0.0
4,0.03237,0.458,45.8,6.0622,6.998,2.94,3,0,2.18,222,18.7,33.4,M,0.0
5,0.06905,0.458,54.2,6.0622,7.147,5.33,3,0,2.18,222,18.7,36.2,M,0.0
6,0.02985,0.458,58.7,6.0622,6.430,5.21,3,0,2.18,222,18.7,28.7,M,0.0
7,0.08829,0.524,66.6,5.5605,6.012,12.43,5,0,7.87,311,15.2,22.9,T,12.5
8,0.14455,0.524,96.1,5.9505,6.172,19.15,5,0,7.87,311,15.2,27.1,M,12.5
9,0.21124,0.524,100.0,6.0821,5.631,29.93,5,0,7.87,311,15.2,16.5,M,12.5
10,0.17004,0.524,85.9,6.5921,6.004,17.10,5,0,7.87,311,15.2,18.9,M,12.5
11,0.22489,0.524,94.3,6.3467,6.377,20.45,5,0,7.87,311,15.2,15.0,M,12.5
12,0.11747,0.524,82.9,6.2267,6.009,13.27,5,0,7.87,311,15.2,18.9,M,12.5
13,0.09378,0.524,39.0,5.4509,5.889,15.71,5,0,7.87,311,15.2,21.7,T,12.5
14,0.62976,0.538,61.8,4.7075,5.949,8.26,4,0,8.14,307,21.0,20.4,M,0.0
15,0.63796,0.538,84.5,4.4619,6.096,10.26,4,0,8.14,307,21.0,18.2,T,0.0
16,0.62739,0.538,56.5,4.4986,5.834,8.47,4,0,8.14,307,21.0,19.9,M,0.0
17,1.05393,0.538,29.3,4.4986,5.935,6.58,4,0,8.14,307,21.0,23.1,M,0.0
18,0.78420,0.538,81.7,4.2579,5.990,14.67,4,0,8.14,307,21.0,17.5,M,0.0
19,0.80271,0.538,36.6,3.7965,5.456,11.69,4,0,8.14,307,21.0,20.2,M,0.0
20,0.72580,0.538,69.5,3.7965,5.727,11.28,4,0,8.14,307,21.0,18.2,M,0.0
21,1.25179,0.538,98.1,3.7979,5.570,21.02,4,0,8.14,307,21.0,13.6,M,0.0
22,0.85204,0.538,89.2,4.0123,5.965,13.83,4,0,8.14,307,21.0,19.6,M,0.0
23,1.23247,0.538,91.7,3.9769,6.142,18.72,4,0,8.14,307,21.0,15.2,M,0.0
24,0.98843,0.538,100.0,4.0952,5.813,19.88,4,0,8.14,307,21.0,14.5,M,0.0
25,0.75026,0.538,94.1,4.3996,5.924,16.30,4,0,8.14,307,21.0,15.6,M,0.0
26,0.84054,0.538,85.7,4.4546,5.599,16.51,4,0,8.14,307,21.0,13.9,M,0.0
27,0.67191,0.538,90.3,4.6820,5.813,14.81,4,0,8.14,307,21.0,16.6,M,0.0
28,0.95577,0.538,88.8,4.4534,6.047,17.28,4,0,8.14,307,21.0,14.8,M,0.0
29,0.77299,0.538,94.4,4.4547,6.495,12.80,4,0,8.14,307,21.0,18.4,M,0.0
30,1.00245,0.538,87.3,4.2390,6.674,11.98,4,0,8.14,307,21.0,21.0,T,0.0
31,1.13081,0.538,94.1,4.2330,5.713,22.60,4,0,8.14,307,21.0,12.7,M,0.0
32,1.35472,0.538,100.0,4.1750,6.072,13.04,4,0,8.14,307,21.0,14.5,M,0.0
33,1.38799,0.538,82.0,3.9900,5.950,27.71,4,0,8.14,307,21.0,13.2,M,0.0
34,1.15172,0.538,95.0,3.7872,5.701,18.35,4,0,8.14,307,21.0,13.1,T,0.0
35,1.61282,0.538,96.9,3.7598,6.096,20.34,4,0,8.14,307,21.0,13.5,M,0.0
36,0.06417,0.499,68.2,3.3603,5.933,9.68,5,0,5.96,279,19.2,18.9,M,0.0
37,0.09744,0.499,61.4,3.3779,5.841,11.41,5,0,5.96,279,19.2,20.0,M,0.0
38,0.08014,0.499,41.5,3.9342,5.850,8.77,5,0,5.96,279,19.2,21.0,M,0.0
39,0.17505,0.499,30.2,3.8473,5.966,10.13,5,0,5.96,279,19.2,24.7,M,0.0
40,0.02763,0.428,21.8,5.4011,6.595,4.32,3,0,2.95,252,18.3,30.8,M,75.0
41,0.03359,0.428,15.8,5.4011,7.024,1.98,3,0,2.95,252,18.3,34.9,M,75.0
42,0.12744,0.448,2.9,5.7209,6.770,4.84,3,0,6.91,233,17.9,26.6,M,0.0
43,0.14150,0.448,6.6,5.7209,6.169,5.81,3,0,6.91,233,17.9,25.3,M,0.0
44,0.15936,0.448,6.5,5.7209,6.211,7.44,3,0,6.91,233,17.9,24.7,M,0.0
45,0.12269,0.448,40.0,5.7209,6.069,9.55,3,0,6.91,233,17.9,21.2,M,0.0
46,0.17142,0.448,33.8,5.1004,5.682,10.21,3,0,6.91,233,17.9,19.3,M,0.0
47,0.18836,0.448,33.3,5.1004,5.786,14.15,3,0,6.91,233,17.9,20.0,M,0.0
48,0.22927,0.448,85.5,5.6894,6.030,18.80,3,0,6.91,233,17.9,16.6,M,0.0
49,0.25387,0.448,95.3,5.8700,5.399,30.81,3,0,6.91,233,17.9,14.4,M,0.0
50,0.21977,0.448,62.0,6.0877,5.602,16.20,3,0,6.91,233,17.9,19.4,M,0.0
51,0.08873,0.439,45.7,6.8147,5.963,13.45,4,0,5.64,243,16.8,19.7,M,21.0
52,0.04337,0.439,63.0,6.8147,6.115,9.43,4,0,5.64,243,16.8,20.5,M,21.0
53,0.05360,0.439,21.1,6.8147,6.511,5.28,4,0,5.64,243,16.8,25.0,M,21.0
54,0.04981,0.439,21.4,6.8147,5.998,8.43,4,0,5.64,243,16.8,23.4,M,21.0
55,0.01360,0.410,47.6,7.3197,5.888,14.80,3,0,4,469,21.1,18.9,M,75.0
56,0.01311,0.403,21.9,8.6966,7.249,4.81,5,0,1.22,226,17.9,35.4,M,90.0
57,0.02055,0.410,35.7,9.1876,6.383,5.77,2,0,0.74,313,17.3,24.7,M,85.0
58,0.01432,0.411,40.5,8.3248,6.816,3.95,5,0,1.32,256,15.1,31.6,M,100.0
59,0.15445,0.453,29.2,7.8148,6.145,6.86,8,0,5.13,284,19.7,23.3,M,25.0
60,0.10328,0.453,47.2,6.9320,5.927,9.22,8,0,5.13,284,19.7,19.6,M,25.0
61,0.14932,0.453,66.2,7.2254,5.741,13.15,8,0,5.13,284,19.7,18.7,M,25.0
62,0.17171,0.453,93.4,6.8185,5.966,14.44,8,0,5.13,284,19.7,16.0,M,25.0
63,0.11027,0.453,67.8,7.2255,6.456,6.73,8,0,5.13,284,19.7,22.2,M,25.0
64,0.12650,0.453,43.4,7.9809,6.762,9.50,8,0,5.13,284,19.7,25.0,M,25.0
65,0.01951,0.416,59.5,9.2229,7.104,8.05,3,0,1.38,216,18.6,33.0,M,17.5
66,0.03584,0.398,17.8,6.6115,6.290,4.67,4,0,3.37,337,16.1,23.5,M,80.0
67,0.04379,0.398,31.1,6.6115,5.787,10.24,4,0,3.37,337,16.1,19.4,T,80.0
68,0.05789,0.409,21.4,6.4980,5.878,8.10,4,0,6.07,345,18.9,22.0,M,12.5
69,0.13554,0.409,36.8,6.4980,5.594,13.09,4,0,6.07,345,18.9,17.4,M,12.5
70,0.12816,0.409,33.0,6.4980,5.885,8.79,4,0,6.07,345,18.9,20.9,M,12.5
71,0.08826,0.413,6.6,5.2873,6.417,6.72,4,0,10.81,305,19.2,24.2,M,0.0
72,0.15876,0.413,17.5,5.2873,5.961,9.88,4,0,10.81,305,19.2,21.7,M,0.0
73,0.09164,0.413,7.8,5.2873,6.065,5.52,4,0,10.81,305,19.2,22.8,T,0.0
74,0.19539,0.413,6.2,5.2873,6.245,7.54,4,0,10.81,305,19.2,23.4,T,0.0
75,0.07896,0.437,6.0,4.2515,6.273,6.78,5,0,12.83,398,18.7,24.1,M,0.0
76,0.09512,0.437,45.0,4.5026,6.286,8.94,5,0,12.83,398,18.7,21.4,T,0.0
77,0.10153,0.437,74.5,4.0522,6.279,11.97,5,0,12.83,398,18.7,20.0,M,0.0
78,0.08707,0.437,45.8,4.0905,6.140,10.27,5,0,12.83,398,18.7,20.8,T,0.0
79,0.05646,0.437,53.7,5.0141,6.232,12.34,5,0,12.83,398,18.7,21.2,M,0.0
80,0.08387,0.437,36.6,4.5026,5.874,9.10,5,0,12.83,398,18.7,20.3,M,0.0
81,0.04113,0.426,33.5,5.4007,6.727,5.29,4,0,4.86,281,19.0,28.0,T,25.0
82,0.04462,0.426,70.4,5.4007,6.619,7.22,4,0,4.86,281,19.0,23.9,M,25.0
83,0.03659,0.426,32.2,5.4007,6.302,6.72,4,0,4.86,281,19.0,24.8,M,25.0
84,0.03551,0.426,46.7,5.4007,6.167,7.51,4,0,4.86,281,19.0,22.9,M,25.0
85,0.05059,0.449,48.0,4.7794,6.389,9.62,3,0,4.49,247,18.5,23.9,M,0.0
86,0.05735,0.449,56.1,4.4377,6.630,6.53,3,0,4.49,247,18.5,26.6,M,0.0
87,0.05188,0.449,45.1,4.4272,6.015,12.86,3,0,4.49,247,18.5,22.5,M,0.0
88,0.07151,0.449,56.8,3.7476,6.121,8.44,3,0,4.49,247,18.5,22.2,M,0.0
89,0.05660,0.489,86.3,3.4217,7.007,5.50,2,0,3.41,270,17.8,23.6,M,0.0
90,0.05302,0.489,63.1,3.4145,7.079,5.70,2,0,3.41,270,17.8,28.7,M,0.0
91,0.04684,0.489,66.1,3.0923,6.417,8.81,2,0,3.41,270,17.8,22.6,T,0.0
92,0.03932,0.489,73.9,3.0921,6.405,8.20,2,0,3.41,270,17.8,22.0,M,0.0
93,0.04203,0.464,53.6,3.6659,6.442,8.16,4,0,15.04,270,18.2,22.9,M,28.0
94,0.02875,0.464,28.9,3.6659,6.211,6.21,4,0,15.04,270,18.2,25.0,M,28.0
95,0.04294,0.464,77.3,3.6150,6.249,10.59,4,0,15.04,270,18.2,20.6,M,28.0
96,0.12204,0.445,57.8,3.4952,6.625,6.65,2,0,2.89,276,18.0,28.4,M,0.0
97,0.11504,0.445,69.6,3.4952,6.163,11.34,2,0,2.89,276,18.0,21.4,M,0.0
98,0.12083,0.445,76.0,3.4952,8.069,4.21,2,0,2.89,276,18.0,38.7,T,0.0
99,0.08187,0.445,36.9,3.4952,7.820,3.57,2,0,2.89,276,18.0,43.8,M,0.0
100,0.06860,0.445,62.5,3.4952,7.416,6.19,2,0,2.89,276,18.0,33.2,M,0.0
101,0.14866,0.520,79.9,2.7778,6.727,9.42,5,0,8.56,384,20.9,27.5,M,0.0
102,0.11432,0.520,71.3,2.8561,6.781,7.67,5,0,8.56,384,20.9,26.5,M,0.0
103,0.22876,0.520,85.4,2.7147,6.405,10.63,5,0,8.56,384,20.9,18.6,M,0.0
104,0.21161,0.520,87.4,2.7147,6.137,13.44,5,0,8.56,384,20.9,19.3,M,0.0
105,0.13960,0.520,90.0,2.4210,6.167,12.33,5,0,8.56,384,20.9,20.1,M,0.0
106,0.13262,0.520,96.7,2.1069,5.851,16.47,5,0,8.56,384,20.9,19.5,M,0.0
107,0.17120,0.520,91.9,2.2110,5.836,18.66,5,0,8.56,384,20.9,19.5,M,0.0
108,0.13117,0.520,85.2,2.1224,6.127,14.09,5,0,8.56,384,20.9,20.4,M,0.0
109,0.12802,0.520,97.1,2.4329,6.474,12.27,5,0,8.56,384,20.9,19.8,T,0.0
110,0.26363,0.520,91.2,2.5451,6.229,15.55,5,0,8.56,384,20.9,19.4,T,0.0
111,0.10793,0.520,54.4,2.7778,6.195,13.00,5,0,8.56,384,20.9,21.7,M,0.0
112,0.10084,0.547,81.6,2.6775,6.715,10.16,6,0,10.01,432,17.8,22.8,M,0.0
113,0.12329,0.547,92.9,2.3534,5.913,16.21,6,0,10.01,432,17.8,18.8,M,0.0
114,0.22212,0.547,95.4,2.5480,6.092,17.09,6,0,10.01,432,17.8,18.7,T,0.0
115,0.14231,0.547,84.2,2.2565,6.254,10.45,6,0,10.01,432,17.8,18.5,M,0.0
116,0.17134,0.547,88.2,2.4631,5.928,15.76,6,0,10.01,432,17.8,18.3,M,0.0
117,0.13158,0.547,72.5,2.7301,6.176,12.04,6,0,10.01,432,17.8,21.2,T,0.0
118,0.15098,0.547,82.6,2.7474,6.021,10.30,6,0,10.01,432,17.8,19.2,M,0.0
119,0.13058,0.547,73.1,2.4775,5.872,15.37,6,0,10.01,432,17.8,20.4,M,0.0
120,0.14476,0.547,65.2,2.7592,5.731,13.61,6,0,10.01,432,17.8,19.3,M,0.0
121,0.06899,0.581,69.7,2.2577,5.870,14.37,2,0,25.65,188,19.1,22.0,M,0.0
122,0.07165,0.581,84.1,2.1974,6.004,14.27,2,0,25.65,188,19.1,20.3,M,0.0
123,0.09299,0.581,92.9,2.0869,5.961,17.93,2,0,25.65,188,19.1,20.5,M,0.0
124,0.15038,0.581,97.0,1.9444,5.856,25.41,2,0,25.65,188,19.1,17.3,M,0.0
125,0.09849,0.581,95.8,2.0063,5.879,17.58,2,0,25.65,188,19.1,18.8,M,0.0
126,0.16902,0.581,88.4,1.9929,5.986,14.81,2,0,25.65,188,19.1,21.4,M,0.0
127,0.38735,0.581,95.6,1.7572,5.613,27.26,2,0,25.65,188,19.1,15.7,T,0.0
128,0.25915,0.624,96.0,1.7883,5.693,17.19,4,0,21.89,437,21.2,16.2,M,0.0
129,0.32543,0.624,98.8,1.8125,6.431,15.39,4,0,21.89,437,21.2,18.0,M,0.0
130,0.88125,0.624,94.7,1.9799,5.637,18.34,4,0,21.89,437,21.2,14.3,M,0.0
131,0.34006,0.624,98.9,2.1185,6.458,12.60,4,0,21.89,437,21.2,19.2,M,0.0
132,1.19294,0.624,97.7,2.2710,6.326,12.26,4,0,21.89,437,21.2,19.6,T,0.0
133,0.59005,0.624,97.9,2.3274,6.372,11.12,4,0,21.89,437,21.2,23.0,M,0.0
134,0.32982,0.624,95.4,2.4699,5.822,15.03,4,0,21.89,437,21.2,18.4,T,0.0
135,0.97617,0.624,98.4,2.3460,5.757,17.31,4,0,21.89,437,21.2,15.6,M,0.0
136,0.55778,0.624,98.2,2.1107,6.335,16.96,4,0,21.89,437,21.2,18.1,M,0.0
137,0.32264,0.624,93.5,1.9669,5.942,16.90,4,0,21.89,437,21.2,17.4,M,0.0
138,0.35233,0.624,98.4,1.8498,6.454,14.59,4,0,21.89,437,21.2,17.1,M,0.0
139,0.24980,0.624,98.2,1.6686,5.857,21.32,4,0,21.89,437,21.2,13.3,M,0.0
140,0.54452,0.624,97.9,1.6687,6.151,18.46,4,0,21.89,437,21.2,17.8,T,0.0
141,0.29090,0.624,93.6,1.6119,6.174,24.16,4,0,21.89,437,21.2,14.0,T,0.0
142,1.62864,0.624,100.0,1.4394,5.019,34.41,4,0,21.89,437,21.2,14.4,M,0.0
143,3.32105,0.871,100.0,1.3216,5.403,26.82,5,1,19.58,403,14.7,13.4,M,0.0
144,4.09740,0.871,100.0,1.4118,5.468,26.42,5,0,19.58,403,14.7,15.6,T,0.0
145,2.77974,0.871,97.8,1.3459,4.903,29.29,5,0,19.58,403,14.7,11.8,M,0.0
146,2.37934,0.871,100.0,1.4191,6.130,27.80,5,0,19.58,403,14.7,13.8,M,0.0
147,2.15505,0.871,100.0,1.5166,5.628,16.65,5,0,19.58,403,14.7,15.6,M,0.0
148,2.36862,0.871,95.7,1.4608,4.926,29.53,5,0,19.58,403,14.7,14.6,M,0.0
149,2.33099,0.871,93.8,1.5296,5.186,28.32,5,0,19.58,403,14.7,17.8,M,0.0
150,2.73397,0.871,94.9,1.5257,5.597,21.45,5,0,19.58,403,14.7,15.4,M,0.0
151,1.65660,0.871,97.3,1.6180,6.122,14.10,5,0,19.58,403,14.7,21.5,T,0.0
152,1.49632,0.871,100.0,1.5916,5.404,13.28,5,0,19.58,403,14.7,19.6,M,0.0
153,1.12658,0.871,88.0,1.6102,5.012,12.12,5,1,19.58,403,14.7,15.3,M,0.0
154,2.14918,0.871,98.5,1.6232,5.709,15.79,5,0,19.58,403,14.7,19.4,M,0.0
155,1.41385,0.871,96.0,1.7494,6.129,15.12,5,1,19.58,403,14.7,17.0,M,0.0
156,3.53501,0.871,82.6,1.7455,6.152,15.02,5,1,19.58,403,14.7,15.6,M,0.0
157,2.44668,0.871,94.0,1.7364,5.272,16.14,5,0,19.58,403,14.7,13.1,M,0.0
158,1.22358,0.605,97.4,1.8773,6.943,4.59,5,0,19.58,403,14.7,41.3,M,0.0
159,1.34284,0.605,100.0,1.7573,6.066,6.43,5,0,19.58,403,14.7,24.3,M,0.0
160,1.42502,0.871,100.0,1.7659,6.510,7.39,5,0,19.58,403,14.7,23.3,M,0.0
161,1.27346,0.605,92.6,1.7984,6.250,5.50,5,1,19.58,403,14.7,27.0,M,0.0
162,1.46336,0.605,90.8,1.9709,7.489,1.73,5,0,19.58,403,14.7,50.0,M,0.0
163,1.83377,0.605,98.2,2.0407,7.802,1.92,5,1,19.58,403,14.7,50.0,M,0.0
164,1.51902,0.605,93.9,2.1620,8.375,3.32,5,1,19.58,403,14.7,50.0,T,0.0
165,2.24236,0.605,91.8,2.4220,5.854,11.64,5,0,19.58,403,14.7,22.7,M,0.0
166,2.92400,0.605,93.0,2.2834,6.101,9.81,5,0,19.58,403,14.7,25.0,M,0.0
167,2.01019,0.605,96.2,2.0459,7.929,3.70,5,0,19.58,403,14.7,50.0,M,0.0
168,1.80028,0.605,79.2,2.4259,5.877,12.14,5,0,19.58,403,14.7,23.8,M,0.0
169,2.30040,0.605,96.1,2.1000,6.319,11.10,5,0,19.58,403,14.7,23.8,T,0.0
170,2.44953,0.605,95.2,2.2625,6.402,11.32,5,0,19.58,403,14.7,22.3,M,0.0
171,1.20742,0.605,94.6,2.4259,5.875,14.43,5,0,19.58,403,14.7,17.4,M,0.0
172,2.31390,0.605,97.3,2.3887,5.880,12.03,5,0,19.58,403,14.7,19.1,T,0.0
173,0.13914,0.510,88.5,2.5961,5.572,14.69,5,0,4.05,296,16.6,23.1,M,0.0
174,0.09178,0.510,84.1,2.6463,6.416,9.04,5,0,4.05,296,16.6,23.6,M,0.0
175,0.08447,0.510,68.7,2.7019,5.859,9.64,5,0,4.05,296,16.6,22.6,T,0.0
176,0.06664,0.510,33.1,3.1323,6.546,5.33,5,0,4.05,296,16.6,29.4,M,0.0
177,0.07022,0.510,47.2,3.5549,6.020,10.11,5,0,4.05,296,16.6,23.2,M,0.0
178,0.05425,0.510,73.4,3.3175,6.315,6.29,5,0,4.05,296,16.6,24.6,M,0.0
179,0.06642,0.510,74.4,2.9153,6.860,6.92,5,0,4.05,296,16.6,29.9,M,0.0
180,0.05780,0.488,58.4,2.8290,6.980,5.04,3,0,2.46,193,17.8,37.2,M,0.0
181,0.06588,0.488,83.3,2.7410,7.765,7.56,3,0,2.46,193,17.8,39.8,M,0.0
182,0.06888,0.488,62.2,2.5979,6.144,9.45,3,0,2.46,193,17.8,36.2,M,0.0
183,0.09103,0.488,92.2,2.7006,7.155,4.82,3,0,2.46,193,17.8,37.9,M,0.0
184,0.10008,0.488,95.6,2.8470,6.563,5.68,3,0,2.46,193,17.8,32.5,M,0.0
185,0.08308,0.488,89.8,2.9879,5.604,13.98,3,0,2.46,193,17.8,26.4,M,0.0
186,0.06047,0.488,68.8,3.2797,6.153,13.15,3,0,2.46,193,17.8,29.6,T,0.0
187,0.05602,0.488,53.6,3.1992,7.831,4.45,3,0,2.46,193,17.8,50.0,M,0.0
188,0.07875,0.437,41.1,3.7886,6.782,6.68,5,0,3.44,398,15.2,32.0,M,45.0
189,0.12579,0.437,29.1,4.5667,6.556,4.56,5,0,3.44,398,15.2,29.8,M,45.0
190,0.08370,0.437,38.9,4.5667,7.185,5.39,5,0,3.44,398,15.2,34.9,M,45.0
191,0.09068,0.437,21.5,6.4798,6.951,5.10,5,0,3.44,398,15.2,37.0,M,45.0
192,0.06911,0.437,30.8,6.4798,6.739,4.69,5,0,3.44,398,15.2,30.5,M,45.0
193,0.08664,0.437,26.3,6.4798,7.178,2.87,5,0,3.44,398,15.2,36.4,M,45.0
194,0.02187,0.401,9.9,6.2196,6.800,5.03,1,0,2.93,265,15.6,31.1,M,60.0
195,0.01439,0.401,18.8,6.2196,6.604,4.38,1,0,2.93,265,15.6,29.1,T,60.0
196,0.01381,0.422,32.0,5.6484,7.875,2.97,4,0,0.46,255,14.4,50.0,T,80.0
197,0.04011,0.404,34.1,7.3090,7.287,4.08,2,0,1.52,329,12.6,33.3,M,80.0
198,0.04666,0.404,36.6,7.3090,7.107,8.61,2,0,1.52,329,12.6,30.3,T,80.0
199,0.03768,0.404,38.3,7.3090,7.274,6.62,2,0,1.52,329,12.6,34.6,M,80.0
200,0.03150,0.403,15.3,7.6534,6.975,4.56,3,0,1.47,402,17.0,34.9,T,95.0
201,0.01778,0.403,13.9,7.6534,7.135,4.45,3,0,1.47,402,17.0,32.9,M,95.0
202,0.03445,0.415,38.4,6.2700,6.162,7.43,2,0,2.03,348,14.7,24.1,M,82.5
203,0.02177,0.415,15.7,6.2700,7.610,3.11,2,0,2.03,348,14.7,42.3,M,82.5
204,0.03510,0.416,33.2,5.1180,7.853,3.81,4,0,2.68,224,14.7,48.5,M,95.0
205,0.02009,0.416,31.9,5.1180,8.034,2.88,4,0,2.68,224,14.7,50.0,T,95.0
206,0.13642,0.489,22.3,3.9454,5.891,10.87,4,0,10.59,277,18.6,22.6,M,0.0
207,0.22969,0.489,52.5,4.3549,6.326,10.97,4,0,10.59,277,18.6,24.4,M,0.0
208,0.25199,0.489,72.7,4.3549,5.783,18.06,4,0,10.59,277,18.6,22.5,M,0.0
209,0.13587,0.489,59.1,4.2392,6.064,14.66,4,1,10.59,277,18.6,24.4,M,0.0
210,0.43571,0.489,100.0,3.8750,5.344,23.09,4,1,10.59,277,18.6,20.0,M,0.0
211,0.17446,0.489,92.1,3.8771,5.960,17.27,4,1,10.59,277,18.6,21.7,M,0.0
212,0.37578,0.489,88.6,3.6650,5.404,23.98,4,1,10.59,277,18.6,19.3,M,0.0
213,0.21719,0.489,53.8,3.6526,5.807,16.03,4,1,10.59,277,18.6,22.4,T,0.0
214,0.14052,0.489,32.3,3.9454,6.375,9.38,4,0,10.59,277,18.6,28.1,M,0.0
215,0.28955,0.489,9.8,3.5875,5.412,29.55,4,0,10.59,277,18.6,23.7,M,0.0
216,0.19802,0.489,42.4,3.9454,6.182,9.47,4,0,10.59,277,18.6,25.0,M,0.0
217,0.04560,0.550,56.0,3.1121,5.888,13.51,5,1,13.89,276,16.4,23.3,T,0.0
218,0.07013,0.550,85.1,3.4211,6.642,9.69,5,0,13.89,276,16.4,28.7,M,0.0
219,0.11069,0.550,93.8,2.8893,5.951,17.92,5,1,13.89,276,16.4,21.5,M,0.0
220,0.11425,0.550,92.4,3.3633,6.373,10.50,5,1,13.89,276,16.4,23.0,M,0.0
221,0.35809,0.507,88.5,2.8617,6.951,9.71,8,1,6.2,307,17.4,26.7,M,0.0
222,0.40771,0.507,91.3,3.0480,6.164,21.46,8,1,6.2,307,17.4,21.7,M,0.0
223,0.62356,0.507,77.7,3.2721,6.879,9.93,8,1,6.2,307,17.4,27.5,M,0.0
224,0.61470,0.507,80.8,3.2721,6.618,7.60,8,0,6.2,307,17.4,30.1,M,0.0
225,0.31533,0.504,78.3,2.8944,8.266,4.14,8,0,6.2,307,17.4,44.8,M,0.0
226,0.52693,0.504,83.0,2.8944,8.725,4.63,8,0,6.2,307,17.4,50.0,M,0.0
227,0.38214,0.504,86.5,3.2157,8.040,3.13,8,0,6.2,307,17.4,37.6,M,0.0
228,0.41238,0.504,79.9,3.2157,7.163,6.36,8,0,6.2,307,17.4,31.6,M,0.0
229,0.29819,0.504,17.0,3.3751,7.686,3.92,8,0,6.2,307,17.4,46.7,M,0.0
230,0.44178,0.504,21.4,3.3751,6.552,3.76,8,0,6.2,307,17.4,31.5,T,0.0
231,0.53700,0.504,68.1,3.6715,5.981,11.65,8,0,6.2,307,17.4,24.3,M,0.0
232,0.46296,0.504,76.9,3.6715,7.412,5.25,8,0,6.2,307,17.4,31.7,M,0.0
233,0.57529,0.507,73.3,3.8384,8.337,2.47,8,0,6.2,307,17.4,41.7,M,0.0
234,0.33147,0.507,70.4,3.6519,8.247,3.95,8,0,6.2,307,17.4,48.3,M,0.0
235,0.44791,0.507,66.5,3.6519,6.726,8.05,8,1,6.2,307,17.4,29.0,T,0.0
236,0.33045,0.507,61.5,3.6519,6.086,10.88,8,0,6.2,307,17.4,24.0,M,0.0
237,0.52058,0.507,76.5,4.1480,6.631,9.54,8,1,6.2,307,17.4,25.1,M,0.0
238,0.51183,0.507,71.6,4.1480,7.358,4.73,8,0,6.2,307,17.4,31.5,M,0.0
239,0.08244,0.428,18.5,6.1899,6.481,6.36,6,0,4.93,300,16.6,23.7,M,30.0
240,0.09252,0.428,42.2,6.1899,6.606,7.37,6,0,4.93,300,16.6,23.3,M,30.0
241,0.11329,0.428,54.3,6.3361,6.897,11.38,6,0,4.93,300,16.6,22.0,T,30.0
242,0.10612,0.428,65.1,6.3361,6.095,12.40,6,0,4.93,300,16.6,20.1,T,30.0
243,0.10290,0.428,52.9,7.0355,6.358,11.22,6,0,4.93,300,16.6,22.2,M,30.0
244,0.12757,0.428,7.8,7.0355,6.393,5.19,6,0,4.93,300,16.6,23.7,M,30.0
245,0.20608,0.431,76.5,7.9549,5.593,12.50,7,0,5.86,330,19.1,17.6,M,22.0
246,0.19133,0.431,70.2,7.9549,5.605,18.46,7,0,5.86,330,19.1,18.5,M,22.0
247,0.33983,0.431,34.9,8.0555,6.108,9.16,7,0,5.86,330,19.1,24.3,M,22.0
248,0.19657,0.431,79.2,8.0555,6.226,10.15,7,0,5.86,330,19.1,20.5,M,22.0
249,0.16439,0.431,49.1,7.8265,6.433,9.52,7,0,5.86,330,19.1,24.5,M,22.0
250,0.19073,0.431,17.5,7.8265,6.718,6.56,7,0,5.86,330,19.1,26.2,M,22.0
251,0.14030,0.431,13.0,7.3967,6.487,5.90,7,0,5.86,330,19.1,24.4,M,22.0
252,0.21409,0.431,8.9,7.3967,6.438,3.59,7,0,5.86,330,19.1,24.8,T,22.0
253,0.08221,0.431,6.8,8.9067,6.957,3.53,7,0,5.86,330,19.1,29.6,T,22.0
254,0.36894,0.431,8.4,8.9067,8.259,3.54,7,0,5.86,330,19.1,42.8,M,22.0
255,0.04819,0.392,32.0,9.2203,6.108,6.57,1,0,3.64,315,16.4,21.9,M,80.0
256,0.03548,0.392,19.1,9.2203,5.876,9.25,1,0,3.64,315,16.4,20.9,T,80.0
257,0.01538,0.394,34.2,6.3361,7.454,3.11,3,0,3.75,244,15.9,44.0,M,90.0
258,0.61154,0.647,86.9,1.8010,8.704,5.12,5,0,3.97,264,13.0,50.0,M,20.0
259,0.66351,0.647,100.0,1.8946,7.333,7.79,5,0,3.97,264,13.0,36.0,M,20.0
260,0.65665,0.647,100.0,2.0107,6.842,6.90,5,0,3.97,264,13.0,30.1,M,20.0
261,0.54011,0.647,81.8,2.1121,7.203,9.59,5,0,3.97,264,13.0,33.8,M,20.0
262,0.53412,0.647,89.4,2.1398,7.520,7.26,5,0,3.97,264,13.0,43.1,T,20.0
263,0.52014,0.647,91.5,2.2885,8.398,5.91,5,0,3.97,264,13.0,48.8,M,20.0
264,0.82526,0.647,94.5,2.0788,7.327,11.25,5,0,3.97,264,13.0,31.0,M,20.0
265,0.55007,0.647,91.6,1.9301,7.206,8.10,5,0,3.97,264,13.0,36.5,M,20.0
266,0.76162,0.647,62.8,1.9865,5.560,10.45,5,0,3.97,264,13.0,22.8,M,20.0
267,0.78570,0.647,84.6,2.1329,7.014,14.79,5,0,3.97,264,13.0,30.7,M,20.0
268,0.57834,0.575,67.0,2.4216,8.297,7.44,5,0,3.97,264,13.0,50.0,M,20.0
269,0.54050,0.575,52.6,2.8720,7.470,3.16,5,0,3.97,264,13.0,43.5,T,20.0
270,0.09065,0.464,61.5,3.9175,5.920,13.65,3,1,6.96,223,18.6,20.7,T,20.0
271,0.29916,0.464,42.1,4.4290,5.856,13.00,3,0,6.96,223,18.6,21.1,M,20.0
272,0.16211,0.464,16.3,4.4290,6.240,6.59,3,0,6.96,223,18.6,25.2,M,20.0
273,0.11460,0.464,58.7,3.9175,6.538,7.73,3,0,6.96,223,18.6,24.4,M,20.0
274,0.22188,0.464,51.8,4.3665,7.691,6.58,3,1,6.96,223,18.6,35.2,M,20.0
275,0.05644,0.447,32.9,4.0776,6.758,3.53,4,1,6.41,254,17.6,32.4,M,40.0
276,0.09604,0.447,42.8,4.2673,6.854,2.98,4,0,6.41,254,17.6,32.0,M,40.0
277,0.10469,0.447,49.0,4.7872,7.267,6.05,4,1,6.41,254,17.6,33.2,M,40.0
278,0.06127,0.447,27.6,4.8628,6.826,4.16,4,1,6.41,254,17.6,33.1,M,40.0
279,0.07978,0.447,32.1,4.1403,6.482,7.19,4,0,6.41,254,17.6,29.1,T,40.0
280,0.21038,0.443,32.2,4.1007,6.812,4.85,5,0,3.33,216,14.9,35.1,T,20.0
281,0.03578,0.443,64.5,4.6947,7.820,3.76,5,0,3.33,216,14.9,45.4,M,20.0
282,0.03705,0.443,37.2,5.2447,6.968,4.59,5,0,3.33,216,14.9,35.4,T,20.0
283,0.06129,0.443,49.7,5.2119,7.645,3.01,5,1,3.33,216,14.9,46.0,T,20.0
284,0.01501,0.401,24.8,5.8850,7.923,3.16,1,1,1.21,198,13.6,50.0,M,90.0
285,0.00906,0.400,20.8,7.3073,7.088,7.85,1,0,2.97,285,15.3,32.2,M,90.0
286,0.01096,0.389,31.9,7.3073,6.453,8.23,1,0,2.25,300,15.3,22.0,M,55.0
287,0.01965,0.385,31.5,9.0892,6.230,12.93,1,0,1.76,241,18.2,20.1,T,80.0
288,0.03871,0.405,31.3,7.3172,6.209,7.14,6,0,5.32,293,16.6,23.2,M,52.5
289,0.04590,0.405,45.6,7.3172,6.315,7.60,6,0,5.32,293,16.6,22.3,M,52.5
290,0.04297,0.405,22.9,7.3172,6.565,9.51,6,0,5.32,293,16.6,24.8,M,52.5
291,0.03502,0.411,27.9,5.1167,6.861,3.33,4,0,4.95,245,19.2,28.5,M,80.0
292,0.07886,0.411,27.7,5.1167,7.148,3.56,4,0,4.95,245,19.2,37.3,M,80.0
293,0.03615,0.411,23.4,5.1167,6.630,4.70,4,0,4.95,245,19.2,27.9,M,80.0
294,0.08265,0.437,18.4,5.5027,6.127,8.58,4,0,13.92,289,16.0,23.9,M,0.0
295,0.08199,0.437,42.3,5.5027,6.009,10.40,4,0,13.92,289,16.0,21.7,M,0.0
296,0.12932,0.437,31.1,5.9604,6.678,6.27,4,0,13.92,289,16.0,28.6,M,0.0
297,0.05372,0.437,51.0,5.9604,6.549,7.39,4,0,13.92,289,16.0,27.1,M,0.0
298,0.14103,0.437,58.0,6.3200,5.790,15.84,4,0,13.92,289,16.0,20.3,M,0.0
299,0.06466,0.400,20.1,7.8278,6.345,4.97,5,0,2.24,358,14.8,22.5,M,70.0
300,0.05561,0.400,10.0,7.8278,7.041,4.74,5,0,2.24,358,14.8,29.0,M,70.0
301,0.04417,0.400,47.4,7.8278,6.871,6.07,5,0,2.24,358,14.8,24.8,M,70.0
302,0.03537,0.433,40.4,5.4917,6.590,9.50,7,0,6.09,329,16.1,22.0,M,34.0
303,0.09266,0.433,18.4,5.4917,6.495,8.67,7,0,6.09,329,16.1,26.4,M,34.0
304,0.10000,0.433,17.7,5.4917,6.982,4.86,7,0,6.09,329,16.1,33.1,M,34.0
305,0.05515,0.472,41.1,4.0220,7.236,6.93,7,0,2.18,222,18.4,36.1,M,33.0
306,0.05479,0.472,58.1,3.3700,6.616,8.93,7,0,2.18,222,18.4,28.4,M,33.0
307,0.07503,0.472,71.9,3.0992,7.420,6.47,7,0,2.18,222,18.4,33.4,M,33.0
308,0.04932,0.472,70.3,3.1827,6.849,7.53,7,0,2.18,222,18.4,28.2,T,33.0
309,0.49298,0.544,82.5,3.3175,6.635,4.54,4,0,9.9,304,18.4,22.8,T,0.0
310,0.34940,0.544,76.7,3.1025,5.972,9.97,4,0,9.9,304,18.4,20.3,T,0.0
311,2.63548,0.544,37.8,2.5194,4.973,12.64,4,0,9.9,304,18.4,16.1,M,0.0
312,0.79041,0.544,52.8,2.6403,6.122,5.98,4,0,9.9,304,18.4,22.1,M,0.0
313,0.26169,0.544,90.4,2.8340,6.023,11.72,4,0,9.9,304,18.4,19.4,M,0.0
314,0.26938,0.544,82.8,3.2628,6.266,7.90,4,0,9.9,304,18.4,21.6,M,0.0
315,0.36920,0.544,87.3,3.6023,6.567,9.28,4,0,9.9,304,18.4,23.8,M,0.0
316,0.25356,0.544,77.7,3.9450,5.705,11.50,4,0,9.9,304,18.4,16.2,M,0.0
317,0.31827,0.544,83.2,3.9986,5.914,18.33,4,0,9.9,304,18.4,17.8,M,0.0
318,0.24522,0.544,71.7,4.0317,5.782,15.94,4,0,9.9,304,18.4,19.8,M,0.0
319,0.40202,0.544,67.2,3.5325,6.382,10.36,4,0,9.9,304,18.4,23.1,M,0.0
320,0.47547,0.544,58.8,4.0019,6.113,12.73,4,0,9.9,304,18.4,21.0,T,0.0
321,0.16760,0.493,52.3,4.5404,6.426,7.20,5,0,7.38,287,19.6,23.8,M,0.0
322,0.18159,0.493,54.3,4.5404,6.376,6.87,5,0,7.38,287,19.6,23.1,T,0.0
323,0.35114,0.493,49.9,4.7211,6.041,7.70,5,0,7.38,287,19.6,20.4,M,0.0
324,0.28392,0.493,74.3,4.7211,5.708,11.74,5,0,7.38,287,19.6,18.5,M,0.0
325,0.34109,0.493,40.1,4.7211,6.415,6.12,5,0,7.38,287,19.6,25.0,M,0.0
326,0.19186,0.493,14.7,5.4159,6.431,5.08,5,0,7.38,287,19.6,24.6,T,0.0
327,0.30347,0.493,28.9,5.4159,6.312,6.15,5,0,7.38,287,19.6,23.0,T,0.0
328,0.24103,0.493,43.7,5.4159,6.083,12.79,5,0,7.38,287,19.6,22.2,M,0.0
329,0.06617,0.460,25.8,5.2146,5.868,9.97,4,0,3.24,430,16.9,19.3,M,0.0
330,0.06724,0.460,17.2,5.2146,6.333,7.34,4,0,3.24,430,16.9,22.6,M,0.0
331,0.04544,0.460,32.2,5.8736,6.144,9.09,4,0,3.24,430,16.9,19.8,T,0.0
332,0.05023,0.438,28.4,6.6407,5.706,12.43,1,0,6.06,304,16.9,17.1,M,35.0
333,0.03466,0.438,23.3,6.6407,6.031,7.83,1,0,6.06,304,16.9,19.4,M,35.0
334,0.05083,0.515,38.1,6.4584,6.316,5.68,5,0,5.19,224,20.2,22.2,T,0.0
335,0.03738,0.515,38.5,6.4584,6.310,6.75,5,0,5.19,224,20.2,20.7,T,0.0
336,0.03961,0.515,34.5,5.9853,6.037,8.01,5,0,5.19,224,20.2,21.1,M,0.0
337,0.03427,0.515,46.3,5.2311,5.869,9.80,5,0,5.19,224,20.2,19.5,M,0.0
338,0.03041,0.515,59.6,5.6150,5.895,10.56,5,0,5.19,224,20.2,18.5,M,0.0
339,0.03306,0.515,37.3,4.8122,6.059,8.51,5,0,5.19,224,20.2,20.6,M,0.0
340,0.05497,0.515,45.4,4.8122,5.985,9.74,5,0,5.19,224,20.2,19.0,M,0.0
341,0.06151,0.515,58.5,4.8122,5.968,9.29,5,0,5.19,224,20.2,18.7,M,0.0
342,0.01301,0.442,49.3,7.0379,7.241,5.49,1,0,1.52,284,15.5,32.7,M,35.0
343,0.02498,0.518,59.7,6.2669,6.540,8.65,1,0,1.89,422,15.9,16.5,M,0.0
344,0.02543,0.484,56.4,5.7321,6.696,7.18,5,0,3.78,370,17.6,23.9,M,55.0
345,0.03049,0.484,28.1,6.4654,6.874,4.61,5,0,3.78,370,17.6,31.2,M,55.0
346,0.03113,0.442,48.5,8.0136,6.014,10.53,3,0,4.39,352,18.8,17.5,M,0.0
347,0.06162,0.442,52.3,8.0136,5.898,12.67,3,0,4.39,352,18.8,17.2,M,0.0
348,0.01870,0.429,27.7,8.5353,6.516,6.36,4,0,4.15,351,17.9,23.1,T,85.0
349,0.01501,0.435,29.7,8.3440,6.635,5.99,4,0,2.01,280,17.0,24.5,M,80.0
350,0.02899,0.429,34.5,8.7921,6.939,5.89,1,0,1.25,335,19.7,26.6,M,40.0
351,0.06211,0.429,44.4,8.7921,6.490,5.98,1,0,1.25,335,19.7,22.9,M,40.0
352,0.07950,0.411,35.9,10.7103,6.579,5.49,4,0,1.69,411,18.3,24.1,M,60.0
353,0.07244,0.411,18.5,10.7103,5.884,7.79,4,0,1.69,411,18.3,18.6,M,60.0
354,0.01709,0.410,36.1,12.1265,6.728,4.50,5,0,2.02,187,17.0,30.1,M,90.0
355,0.04301,0.413,21.9,10.5857,5.663,8.05,4,0,1.91,334,22.0,18.2,T,80.0
356,0.10659,0.413,19.5,10.5857,5.936,5.57,4,0,1.91,334,22.0,20.6,M,80.0
357,8.98296,0.770,97.4,2.1222,6.212,17.60,24,1,18.1,666,20.2,17.8,M,0.0
358,3.84970,0.770,91.0,2.5052,6.395,13.27,24,1,18.1,666,20.2,21.7,M,0.0
359,5.20177,0.770,83.4,2.7227,6.127,11.48,24,1,18.1,666,20.2,22.7,T,0.0
360,4.26131,0.770,81.3,2.5091,6.112,12.67,24,0,18.1,666,20.2,22.6,M,0.0
361,4.54192,0.770,88.0,2.5182,6.398,7.79,24,0,18.1,666,20.2,25.0,T,0.0
362,3.83684,0.770,91.1,2.2955,6.251,14.19,24,0,18.1,666,20.2,19.9,M,0.0
363,3.67822,0.770,96.2,2.1036,5.362,10.19,24,0,18.1,666,20.2,20.8,T,0.0
364,4.22239,0.770,89.0,1.9047,5.803,14.64,24,1,18.1,666,20.2,16.8,M,0.0
365,3.47428,0.718,82.9,1.9047,8.780,5.29,24,1,18.1,666,20.2,21.9,M,0.0
366,4.55587,0.718,87.9,1.6132,3.561,7.12,24,0,18.1,666,20.2,27.5,M,0.0
367,3.69695,0.718,91.4,1.7523,4.963,14.00,24,0,18.1,666,20.2,21.9,M,0.0
368,13.52220,0.631,100.0,1.5106,3.863,13.33,24,0,18.1,666,20.2,23.1,T,0.0
369,4.89822,0.631,100.0,1.3325,4.970,3.26,24,0,18.1,666,20.2,50.0,M,0.0
370,5.66998,0.631,96.8,1.3567,6.683,3.73,24,1,18.1,666,20.2,50.0,M,0.0
371,6.53876,0.631,97.5,1.2024,7.016,2.96,24,1,18.1,666,20.2,50.0,M,0.0
372,9.23230,0.631,100.0,1.1691,6.216,9.53,24,0,18.1,666,20.2,50.0,M,0.0
373,8.26725,0.668,89.6,1.1296,5.875,8.88,24,1,18.1,666,20.2,50.0,M,0.0
374,11.10810,0.668,100.0,1.1742,4.906,34.77,24,0,18.1,666,20.2,13.8,M,0.0
375,18.49820,0.668,100.0,1.1370,4.138,37.97,24,0,18.1,666,20.2,13.8,T,0.0
376,19.60910,0.671,97.9,1.3163,7.313,13.44,24,0,18.1,666,20.2,15.0,M,0.0
377,15.28800,0.671,93.3,1.3449,6.649,23.24,24,0,18.1,666,20.2,13.9,M,0.0
378,9.82349,0.671,98.8,1.3580,6.794,21.24,24,0,18.1,666,20.2,13.3,M,0.0
379,23.64820,0.671,96.2,1.3861,6.380,23.69,24,0,18.1,666,20.2,13.1,M,0.0
380,17.86670,0.671,100.0,1.3861,6.223,21.78,24,0,18.1,666,20.2,10.2,T,0.0
381,88.97620,0.671,91.9,1.4165,6.968,17.21,24,0,18.1,666,20.2,10.4,M,0.0
382,15.87440,0.671,99.1,1.5192,6.545,21.08,24,0,18.1,666,20.2,10.9,M,0.0
383,9.18702,0.700,100.0,1.5804,5.536,23.60,24,0,18.1,666,20.2,11.3,M,0.0
384,7.99248,0.700,100.0,1.5331,5.520,24.56,24,0,18.1,666,20.2,12.3,M,0.0
385,20.08490,0.700,91.2,1.4395,4.368,30.63,24,0,18.1,666,20.2,8.8,M,0.0
386,16.81180,0.700,98.1,1.4261,5.277,30.81,24,0,18.1,666,20.2,7.2,M,0.0
387,24.39380,0.700,100.0,1.4672,4.652,28.28,24,0,18.1,666,20.2,10.5,T,0.0
388,22.59710,0.700,89.5,1.5184,5.000,31.99,24,0,18.1,666,20.2,7.4,T,0.0
389,14.33370,0.700,100.0,1.5895,4.880,30.62,24,0,18.1,666,20.2,10.2,M,0.0
390,8.15174,0.700,98.9,1.7281,5.390,20.85,24,0,18.1,666,20.2,11.5,M,0.0
391,6.96215,0.700,97.0,1.9265,5.713,17.11,24,0,18.1,666,20.2,15.1,M,0.0
392,5.29305,0.700,82.5,2.1678,6.051,18.76,24,0,18.1,666,20.2,23.2,M,0.0
393,11.57790,0.700,97.0,1.7700,5.036,25.68,24,0,18.1,666,20.2,9.7,T,0.0
394,8.64476,0.693,92.6,1.7912,6.193,15.17,24,0,18.1,666,20.2,13.8,M,0.0
395,13.35980,0.693,94.7,1.7821,5.887,16.35,24,0,18.1,666,20.2,12.7,M,0.0
396,8.71675,0.693,98.8,1.7257,6.471,17.12,24,0,18.1,666,20.2,13.1,M,0.0
397,5.87205,0.693,96.0,1.6768,6.405,19.37,24,0,18.1,666,20.2,12.5,M,0.0
398,7.67202,0.693,98.9,1.6334,5.747,19.92,24,0,18.1,666,20.2,8.5,T,0.0
399,38.35180,0.693,100.0,1.4896,5.453,30.59,24,0,18.1,666,20.2,5.0,M,0.0
400,9.91655,0.693,77.8,1.5004,5.852,29.97,24,0,18.1,666,20.2,6.3,M,0.0
401,25.04610,0.693,100.0,1.5888,5.987,26.77,24,0,18.1,666,20.2,5.6,M,0.0
402,14.23620,0.693,100.0,1.5741,6.343,20.32,24,0,18.1,666,20.2,7.2,M,0.0
403,9.59571,0.693,100.0,1.6390,6.404,20.31,24,0,18.1,666,20.2,12.1,M,0.0
404,24.80170,0.693,96.0,1.7028,5.349,19.77,24,0,18.1,666,20.2,8.3,M,0.0
405,41.52920,0.693,85.4,1.6074,5.531,27.38,24,0,18.1,666,20.2,8.5,M,0.0
406,67.92080,0.693,100.0,1.4254,5.683,22.98,24,0,18.1,666,20.2,5.0,M,0.0
407,20.71620,0.659,100.0,1.1781,4.138,23.34,24,0,18.1,666,20.2,11.9,M,0.0
408,11.95110,0.659,100.0,1.2852,5.608,12.13,24,0,18.1,666,20.2,27.9,M,0.0
409,7.40389,0.597,97.9,1.4547,5.617,26.40,24,0,18.1,666,20.2,17.2,M,0.0
410,14.43830,0.597,100.0,1.4655,6.852,19.78,24,0,18.1,666,20.2,27.5,M,0.0
411,51.13580,0.597,100.0,1.4130,5.757,10.11,24,0,18.1,666,20.2,15.0,M,0.0
412,14.05070,0.597,100.0,1.5275,6.657,21.22,24,0,18.1,666,20.2,17.2,T,0.0
413,18.81100,0.597,100.0,1.5539,4.628,34.37,24,0,18.1,666,20.2,17.9,M,0.0
414,28.65580,0.597,100.0,1.5894,5.155,20.08,24,0,18.1,666,20.2,16.3,M,0.0
415,45.74610,0.693,100.0,1.6582,4.519,36.98,24,0,18.1,666,20.2,7.0,M,0.0
416,18.08460,0.679,100.0,1.8347,6.434,29.05,24,0,18.1,666,20.2,7.2,M,0.0
417,10.83420,0.679,90.8,1.8195,6.782,25.79,24,0,18.1,666,20.2,7.5,M,0.0
418,25.94060,0.679,89.1,1.6475,5.304,26.64,24,0,18.1,666,20.2,10.4,T,0.0
419,73.53410,0.679,100.0,1.8026,5.957,20.62,24,0,18.1,666,20.2,8.8,M,0.0
420,11.81230,0.718,76.5,1.7940,6.824,22.74,24,0,18.1,666,20.2,8.4,M,0.0
421,11.08740,0.718,100.0,1.8589,6.411,15.02,24,0,18.1,666,20.2,16.7,M,0.0
422,7.02259,0.718,95.3,1.8746,6.006,15.70,24,0,18.1,666,20.2,14.2,M,0.0
423,12.04820,0.614,87.6,1.9512,5.648,14.10,24,0,18.1,666,20.2,20.8,M,0.0
424,7.05042,0.614,85.1,2.0218,6.103,23.29,24,0,18.1,666,20.2,13.4,T,0.0
425,8.79212,0.584,70.6,2.0635,5.565,17.16,24,0,18.1,666,20.2,11.7,T,0.0
426,15.86030,0.679,95.4,1.9096,5.896,24.39,24,0,18.1,666,20.2,8.3,T,0.0
427,12.24720,0.584,59.7,1.9976,5.837,15.69,24,0,18.1,666,20.2,10.2,M,0.0
428,37.66190,0.679,78.7,1.8629,6.202,14.52,24,0,18.1,666,20.2,10.9,M,0.0
429,7.36711,0.679,78.1,1.9356,6.193,21.52,24,0,18.1,666,20.2,11.0,M,0.0
430,9.33889,0.679,95.6,1.9682,6.380,24.08,24,0,18.1,666,20.2,9.5,T,0.0
431,8.49213,0.584,86.1,2.0527,6.348,17.64,24,0,18.1,666,20.2,14.5,T,0.0
432,10.06230,0.584,94.3,2.0882,6.833,19.69,24,0,18.1,666,20.2,14.1,M,0.0
433,6.44405,0.584,74.8,2.2004,6.425,12.03,24,0,18.1,666,20.2,16.1,M,0.0
434,5.58107,0.713,87.9,2.3158,6.436,16.22,24,0,18.1,666,20.2,14.3,M,0.0
435,13.91340,0.713,95.0,2.2222,6.208,15.17,24,0,18.1,666,20.2,11.7,T,0.0
436,11.16040,0.740,94.6,2.1247,6.629,23.27,24,0,18.1,666,20.2,13.4,M,0.0
437,14.42080,0.740,93.3,2.0026,6.461,18.05,24,0,18.1,666,20.2,9.6,M,0.0
438,15.17720,0.740,100.0,1.9142,6.152,26.45,24,0,18.1,666,20.2,8.7,M,0.0
439,13.67810,0.740,87.9,1.8206,5.935,34.02,24,0,18.1,666,20.2,8.4,M,0.0
440,9.39063,0.740,93.9,1.8172,5.627,22.88,24,0,18.1,666,20.2,12.8,M,0.0
441,22.05110,0.740,92.4,1.8662,5.818,22.11,24,0,18.1,666,20.2,10.5,M,0.0
442,9.72418,0.740,97.2,2.0651,6.406,19.52,24,0,18.1,666,20.2,17.1,M,0.0
443,5.66637,0.740,100.0,2.0048,6.219,16.59,24,0,18.1,666,20.2,18.4,T,0.0
444,9.96654,0.740,100.0,1.9784,6.485,18.85,24,0,18.1,666,20.2,15.4,M,0.0
445,12.80230,0.740,96.6,1.8956,5.854,23.79,24,0,18.1,666,20.2,10.8,M,0.0
446,10.67180,0.740,94.8,1.9879,6.459,23.98,24,0,18.1,666,20.2,11.8,M,0.0
447,6.28807,0.740,96.4,2.0720,6.341,17.79,24,0,18.1,666,20.2,14.9,M,0.0
448,9.92485,0.740,96.6,2.1980,6.251,16.44,24,0,18.1,666,20.2,12.6,T,0.0
449,9.32909,0.713,98.7,2.2616,6.185,18.13,24,0,18.1,666,20.2,14.1,M,0.0
450,7.52601,0.713,98.3,2.1850,6.417,19.31,24,0,18.1,666,20.2,13.0,M,0.0
451,6.71772,0.713,92.6,2.3236,6.749,17.44,24,0,18.1,666,20.2,13.4,M,0.0
452,5.44114,0.713,98.2,2.3552,6.655,17.73,24,0,18.1,666,20.2,15.2,M,0.0
453,5.09017,0.713,91.8,2.3682,6.297,17.27,24,0,18.1,666,20.2,16.1,M,0.0
454,8.24809,0.713,99.3,2.4527,7.393,16.74,24,0,18.1,666,20.2,17.8,T,0.0
455,9.51363,0.713,94.1,2.4961,6.728,18.71,24,0,18.1,666,20.2,14.9,M,0.0
456,4.75237,0.713,86.5,2.4358,6.525,18.13,24,0,18.1,666,20.2,14.1,M,0.0
457,4.66883,0.713,87.9,2.5806,5.976,19.01,24,0,18.1,666,20.2,12.7,M,0.0
458,8.20058,0.713,80.3,2.7792,5.936,16.94,24,0,18.1,666,20.2,13.5,M,0.0
459,7.75223,0.713,83.7,2.7831,6.301,16.23,24,0,18.1,666,20.2,14.9,M,0.0
460,6.80117,0.713,84.4,2.7175,6.081,14.70,24,0,18.1,666,20.2,20.0,M,0.0
461,4.81213,0.713,90.0,2.5975,6.701,16.42,24,0,18.1,666,20.2,16.4,M,0.0
462,3.69311,0.713,88.4,2.5671,6.376,14.65,24,0,18.1,666,20.2,17.7,M,0.0
463,6.65492,0.713,83.0,2.7344,6.317,13.99,24,0,18.1,666,20.2,19.5,M,0.0
464,5.82115,0.713,89.9,2.8016,6.513,10.29,24,0,18.1,666,20.2,20.2,M,0.0
465,7.83932,0.655,65.4,2.9634,6.209,13.22,24,0,18.1,666,20.2,21.4,T,0.0
466,3.16360,0.655,48.2,3.0665,5.759,14.13,24,0,18.1,666,20.2,19.9,M,0.0
467,3.77498,0.655,84.7,2.8715,5.952,17.15,24,0,18.1,666,20.2,19.0,T,0.0
468,4.42228,0.584,94.5,2.5403,6.003,21.32,24,0,18.1,666,20.2,19.1,M,0.0
469,15.57570,0.580,71.0,2.9084,5.926,18.13,24,0,18.1,666,20.2,19.1,M,0.0
470,13.07510,0.580,56.7,2.8237,5.713,14.76,24,0,18.1,666,20.2,20.1,T,0.0
471,4.34879,0.580,84.0,3.0334,6.167,16.29,24,0,18.1,666,20.2,19.9,M,0.0
472,4.03841,0.532,90.7,3.0993,6.229,12.87,24,0,18.1,666,20.2,19.6,M,0.0
473,3.56868,0.580,75.0,2.8965,6.437,14.36,24,0,18.1,666,20.2,23.2,M,0.0
474,4.64689,0.614,67.6,2.5329,6.980,11.66,24,0,18.1,666,20.2,29.8,M,0.0
475,8.05579,0.584,95.4,2.4298,5.427,18.14,24,0,18.1,666,20.2,13.8,M,0.0
476,6.39312,0.584,97.4,2.2060,6.162,24.10,24,0,18.1,666,20.2,13.3,T,0.0
477,4.87141,0.614,93.6,2.3053,6.484,18.68,24,0,18.1,666,20.2,16.7,T,0.0
478,15.02340,0.614,97.3,2.1007,5.304,24.91,24,0,18.1,666,20.2,12.0,M,0.0
479,10.23300,0.614,96.7,2.1705,6.185,18.03,24,0,18.1,666,20.2,14.6,M,0.0
480,14.33370,0.614,88.0,1.9512,6.229,13.11,24,0,18.1,666,20.2,21.4,M,0.0
481,5.82401,0.532,64.7,3.4242,6.242,10.74,24,0,18.1,666,20.2,23.0,M,0.0
482,5.70818,0.532,74.9,3.3317,6.750,7.74,24,0,18.1,666,20.2,23.7,T,0.0
483,5.73116,0.532,77.0,3.4106,7.061,7.01,24,0,18.1,666,20.2,25.0,M,0.0
484,2.81838,0.532,40.3,4.0983,5.762,10.42,24,0,18.1,666,20.2,21.8,M,0.0
485,2.37857,0.583,41.9,3.7240,5.871,13.34,24,0,18.1,666,20.2,20.6,M,0.0
486,3.67367,0.583,51.9,3.9917,6.312,10.58,24,0,18.1,666,20.2,21.2,T,0.0
487,5.69175,0.583,79.8,3.5459,6.114,14.98,24,0,18.1,666,20.2,19.1,M,0.0
488,4.83567,0.583,53.2,3.1523,5.905,11.45,24,0,18.1,666,20.2,20.6,M,0.0
489,0.15086,0.609,92.7,1.8209,5.454,18.06,4,0,27.74,711,20.1,15.2,M,0.0
490,0.18337,0.609,98.3,1.7554,5.414,23.97,4,0,27.74,711,20.1,7.0,M,0.0
491,0.20746,0.609,98.0,1.8226,5.093,29.68,4,0,27.74,711,20.1,8.1,M,0.0
492,0.10574,0.609,98.8,1.8681,5.983,18.07,4,0,27.74,711,20.1,13.6,M,0.0
493,0.11132,0.609,83.5,2.1099,5.983,13.35,4,0,27.74,711,20.1,20.1,T,0.0
494,0.17331,0.585,54.0,2.3817,5.707,12.01,6,0,9.69,391,19.2,21.8,M,0.0
495,0.27957,0.585,42.6,2.3817,5.926,13.59,6,0,9.69,391,19.2,24.5,M,0.0
496,0.17899,0.585,28.8,2.7986,5.670,17.60,6,0,9.69,391,19.2,23.1,M,0.0
497,0.28960,0.585,72.9,2.7986,5.390,21.14,6,0,9.69,391,19.2,19.7,M,0.0
498,0.26838,0.585,70.6,2.8927,5.794,14.10,6,0,9.69,391,19.2,18.3,T,0.0
499,0.23912,0.585,65.3,2.4091,6.019,12.92,6,0,9.69,391,19.2,21.2,T,0.0
500,0.17783,0.585,73.5,2.3999,5.569,15.10,6,0,9.69,391,19.2,17.5,M,0.0
501,0.22438,0.585,79.7,2.4982,6.027,14.33,6,0,9.69,391,19.2,16.8,T,0.0
502,0.06263,0.573,69.1,2.4786,6.593,9.67,1,0,11.93,273,21.0,22.4,T,0.0
503,0.04527,0.573,76.7,2.2875,6.120,9.08,1,0,11.93,273,21.0,20.6,T,0.0
504,0.06076,0.573,91.0,2.1675,6.976,5.64,1,0,11.93,273,21.0,23.9,T,0.0
505,0.10959,0.573,89.3,2.3889,6.794,6.48,1,0,11.93,273,21.0,22.0,T,0.0
506,0.04741,0.573,80.8,2.5050,6.030,7.88,1,0,11.93,273,21.0,11.9,T,0.0